<?xml version="1.0" encoding="UTF-8"?>
<GenRun Id="impl_1" LaunchPart="xc7a35ticpg236-1L" LaunchTime="1694542344">
  <File Type="ROUTE-PWR" Name="one_bit_addr_power_routed.rpt"/>
  <File Type="PA-TCL" Name="one_bit_addr.tcl"/>
  <File Type="ROUTE-PWR-SUM" Name="one_bit_addr_power_summary_routed.pb"/>
  <File Type="REPORTS-TCL" Name="one_bit_addr_reports.tcl"/>
  <File Type="OPT-RQA-PB" Name="one_bit_addr_rqa_opted.pb"/>
  <File Type="BITSTR-MMI" Name="one_bit_addr.mmi"/>
  <File Type="OPT-METHODOLOGY-DRC" Name="one_bit_addr_methodology_drc_opted.rpt"/>
  <File Type="INIT-TIMING" Name="one_bit_addr_timing_summary_init.rpt"/>
  <File Type="OPT-TIMING" Name="one_bit_addr_timing_summary_opted.rpt"/>
  <File Type="OPT-DCP" Name="one_bit_addr_opt.dcp"/>
  <File Type="OPT-DRC" Name="one_bit_addr_drc_opted.rpt"/>
  <File Type="OPT-HWDEF" Name="one_bit_addr.hwdef"/>
  <File Type="PWROPT-DCP" Name="one_bit_addr_pwropt.dcp"/>
  <File Type="PWROPT-DRC" Name="one_bit_addr_drc_pwropted.rpt"/>
  <File Type="PWROPT-TIMING" Name="one_bit_addr_timing_summary_pwropted.rpt"/>
  <File Type="PLACE-DCP" Name="one_bit_addr_placed.dcp"/>
  <File Type="PLACE-IO" Name="one_bit_addr_io_placed.rpt"/>
  <File Type="PLACE-CLK" Name="one_bit_addr_clock_utilization_placed.rpt"/>
  <File Type="PLACE-UTIL" Name="one_bit_addr_utilization_placed.rpt"/>
  <File Type="PLACE-UTIL-PB" Name="one_bit_addr_utilization_placed.pb"/>
  <File Type="PLACE-CTRL" Name="one_bit_addr_control_sets_placed.rpt"/>
  <File Type="PLACE-SIMILARITY" Name="one_bit_addr_incremental_reuse_placed.rpt"/>
  <File Type="PLACE-PRE-SIMILARITY" Name="one_bit_addr_incremental_reuse_pre_placed.rpt"/>
  <File Type="BG-BIN" Name="one_bit_addr.bin"/>
  <File Type="PLACE-TIMING" Name="one_bit_addr_timing_summary_placed.rpt"/>
  <File Type="ROUTE-PWR-RPX" Name="one_bit_addr_power_routed.rpx"/>
  <File Type="PLACE-RQA-PB" Name="one_bit_addr_rqa_placed.pb"/>
  <File Type="POSTPLACE-PWROPT-DCP" Name="one_bit_addr_postplace_pwropt.dcp"/>
  <File Type="BITSTR-MSK" Name="one_bit_addr.msk"/>
  <File Type="POSTPLACE-PWROPT-TIMING" Name="one_bit_addr_timing_summary_postplace_pwropted.rpt"/>
  <File Type="PHYSOPT-DCP" Name="one_bit_addr_physopt.dcp"/>
  <File Type="PHYSOPT-DRC" Name="one_bit_addr_drc_physopted.rpt"/>
  <File Type="BITSTR-RBT" Name="one_bit_addr.rbt"/>
  <File Type="PHYSOPT-TIMING" Name="one_bit_addr_timing_summary_physopted.rpt"/>
  <File Type="ROUTE-ERROR-DCP" Name="one_bit_addr_routed_error.dcp"/>
  <File Type="ROUTE-DCP" Name="one_bit_addr_routed.dcp"/>
  <File Type="ROUTE-BLACKBOX-DCP" Name="one_bit_addr_routed_bb.dcp"/>
  <File Type="ROUTE-DRC" Name="one_bit_addr_drc_routed.rpt"/>
  <File Type="ROUTE-DRC-PB" Name="one_bit_addr_drc_routed.pb"/>
  <File Type="ROUTE-DRC-RPX" Name="one_bit_addr_drc_routed.rpx"/>
  <File Type="ROUTE-METHODOLOGY-DRC" Name="one_bit_addr_methodology_drc_routed.rpt"/>
  <File Type="ROUTE-METHODOLOGY-DRC-RPX" Name="one_bit_addr_methodology_drc_routed.rpx"/>
  <File Type="ROUTE-METHODOLOGY-DRC-PB" Name="one_bit_addr_methodology_drc_routed.pb"/>
  <File Type="ROUTE-RQS-PB" Name="one_bit_addr_rqs_routed.pb"/>
  <File Type="ROUTE-STATUS" Name="one_bit_addr_route_status.rpt"/>
  <File Type="ROUTE-STATUS-PB" Name="one_bit_addr_route_status.pb"/>
  <File Type="ROUTE-TIMINGSUMMARY" Name="one_bit_addr_timing_summary_routed.rpt"/>
  <File Type="ROUTE-TIMING-PB" Name="one_bit_addr_timing_summary_routed.pb"/>
  <File Type="ROUTE-TIMING-RPX" Name="one_bit_addr_timing_summary_routed.rpx"/>
  <File Type="ROUTE-SIMILARITY" Name="one_bit_addr_incremental_reuse_routed.rpt"/>
  <File Type="ROUTE-CLK" Name="one_bit_addr_clock_utilization_routed.rpt"/>
  <File Type="ROUTE-BUS-SKEW" Name="one_bit_addr_bus_skew_routed.rpt"/>
  <File Type="ROUTE-BUS-SKEW-PB" Name="one_bit_addr_bus_skew_routed.pb"/>
  <File Type="ROUTE-BUS-SKEW-RPX" Name="one_bit_addr_bus_skew_routed.rpx"/>
  <File Type="POSTROUTE-PHYSOPT-DCP" Name="one_bit_addr_postroute_physopt.dcp"/>
  <File Type="POSTROUTE-PHYSOPT-BLACKBOX-DCP" Name="one_bit_addr_postroute_physopt_bb.dcp"/>
  <File Type="POSTROUTE-PHYSOPT-TIMING" Name="one_bit_addr_timing_summary_postroute_physopted.rpt"/>
  <File Type="POSTROUTE-PHYSOPT-TIMING-PB" Name="one_bit_addr_timing_summary_postroute_physopted.pb"/>
  <File Type="POSTROUTE-PHYSOPT-TIMING-RPX" Name="one_bit_addr_timing_summary_postroute_physopted.rpx"/>
  <File Type="POSTROUTE-PHYSOPT-BUS-SKEW" Name="one_bit_addr_bus_skew_postroute_physopted.rpt"/>
  <File Type="BG-BIT" Name="one_bit_addr.bit"/>
  <File Type="POSTROUTE-PHYSOPT-BUS-SKEW-PB" Name="one_bit_addr_bus_skew_postroute_physopted.pb"/>
  <File Type="POSTROUTE-PHYSOPT-BUS-SKEW-RPX" Name="one_bit_addr_bus_skew_postroute_physopted.rpx"/>
  <File Type="BITSTR-NKY" Name="one_bit_addr.nky"/>
  <File Type="BITSTR-BMM" Name="one_bit_addr_bd.bmm"/>
  <File Type="PDI-FILE" Name="one_bit_addr.pdi"/>
  <File Type="BOOT-PDI-FILE" Name="one_bit_addr_soc.pdi"/>
  <File Type="PL-PDI-FILE" Name="one_bit_addr_pld.pdi"/>
  <File Type="RCFI_FILE" Name="one_bit_addr.rcfi"/>
  <File Type="CFI_FILE" Name="one_bit_addr.cfi"/>
  <File Type="RNPI_FILE" Name="one_bit_addr.rnpi"/>
  <File Type="NPI_FILE" Name="one_bit_addr.npi"/>
  <File Type="RBD_FILE" Name="one_bit_addr.rbd"/>
  <File Type="BITSTR-LTX" Name="debug_nets.ltx"/>
  <File Type="BITSTR-LTX" Name="one_bit_addr.ltx"/>
  <File Type="BITSTR-SYSDEF" Name="one_bit_addr.sysdef"/>
  <File Type="BG-BGN" Name="one_bit_addr.bgn"/>
  <File Type="BG-DRC" Name="one_bit_addr.drc"/>
  <File Type="RDI-RDI" Name="one_bit_addr.vdi"/>
  <File Type="WBT-USG" Name="usage_statistics_webtalk.html"/>
  <File Type="ROUTE-RQS" Name="one_bit_addr_routed.rqs"/>
  <File Type="POSTROUTE-PHYSOPT-RQS" Name="one_bit_addr_postroute_physopted.rqs"/>
  <File Type="ROUTE-RQS-RPT" Name="route_report_qor_suggestions_0.rpt"/>
  <File Type="POSTROUTE-PHYSOPT-RQS-RPT" Name="postroute_physopt_report_qor_suggestions_0.rpt"/>
  <FileSet Name="sources" Type="DesignSrcs" RelSrcDir="$PSRCDIR/sources_1" RelGenDir="$PGENDIR/sources_1">
    <Filter Type="Srcs"/>
    <File Path="$PSRCDIR/sources_1/new/one_bit_addr.v">
      <FileInfo>
        <Attr Name="UsedIn" Val="synthesis"/>
        <Attr Name="UsedIn" Val="implementation"/>
        <Attr Name="UsedIn" Val="simulation"/>
      </FileInfo>
    </File>
    <Config>
      <Option Name="DesignMode" Val="RTL"/>
      <Option Name="TopModule" Val="one_bit_addr"/>
      <Option Name="TopAutoSet" Val="TRUE"/>
    </Config>
  </FileSet>
  <FileSet Name="constrs_in" Type="Constrs" RelSrcDir="$PSRCDIR/constrs_1" RelGenDir="$PGENDIR/constrs_1">
    <Filter Type="Constrs"/>
    <File Path="$PPRDIR/../Basys3_Master.xdc">
      <FileInfo>
        <Attr Name="UsedIn" Val="synthesis"/>
        <Attr Name="UsedIn" Val="implementation"/>
      </FileInfo>
    </File>
    <Config>
      <Option Name="ConstrsType" Val="XDC"/>
    </Config>
  </FileSet>
  <FileSet Name="utils" Type="Utils" RelSrcDir="$PSRCDIR/utils_1" RelGenDir="$PGENDIR/utils_1">
    <Filter Type="Utils"/>
    <Config>
      <Option Name="TopAutoSet" Val="TRUE"/>
    </Config>
  </FileSet>
  <Strategy Version="1" Minor="2">
    <StratHandle Name="Vivado Implementation Defaults" Flow="Vivado Implementation 2023"/>
    <Step Id="init_design"/>
    <Step Id="opt_design"/>
    <Step Id="power_opt_design"/>
    <Step Id="place_design"/>
    <Step Id="post_place_power_opt_design"/>
    <Step Id="phys_opt_design"/>
    <Step Id="route_design"/>
    <Step Id="post_route_phys_opt_design"/>
    <Step Id="write_bitstream"/>
  </Strategy>
</GenRun>
